taxa,Phylum,Class,Order,Family,Genus,Species
Mesaphorura macrochaeta,Arthropoda,Collembola,Poduromorpha,Tullbergiidae,Mesaphorura,Mesaphorura macrochaeta
Octolasion tyrtaeum,Annelida,Clitellata,Crassiclitellata,Lumbricidae,Octolasion,Octolasion tyrtaeum
Cypridopsis vidua,Arthropoda,Ostracoda,Podocopida,Cyprididae,Cypridopsis,Cypridopsis vidua
Aporrectodea limicola,Annelida,Clitellata,Crassiclitellata,Lumbricidae,Aporrectodea,Aporrectodea limicola
Buchholzia appendiculata,Annelida,Clitellata,Enchytraeida,Enchytraeidae,Buchholzia,Buchholzia appendiculata
Psectrocladius schlienzi,Arthropoda,Insecta,Diptera,Chironomidae,Psectrocladius,Psectrocladius schlienzi
Achaeta danica,Annelida,Clitellata,Crassiclitellata,Megascolecidae,Achaeta,Achaeta danica
Fridericia paroniana,Annelida,Clitellata,Enchytraeida,Enchytraeidae,Fridericia,Fridericia paroniana
Aporrectodea rosea,Annelida,Clitellata,Crassiclitellata,Lumbricidae,Aporrectodea,Aporrectodea rosea
Eukiefferiella claripennis,Arthropoda,Insecta,Diptera,Chironomidae,Eukiefferiella,Eukiefferiella claripennis
Caenis horaria,Arthropoda,Insecta,Ephemeroptera,Caenidae,Caenis,Caenis horaria
Tanytarsus pallidicornis,Arthropoda,Insecta,Diptera,Chironomidae,Tanytarsus,Tanytarsus pallidicornis
Aporrectodea sp.,Annelida,Clitellata,Crassiclitellata,Lumbricidae,Aporrectodea,NA
Cricotopus sp.,Arthropoda,Insecta,Diptera,Chironomidae,Cricotopus,NA
Daphnia curvirostris,Arthropoda,Branchiopoda,Diplostraca,Daphniidae,Daphnia,Daphnia curvirostris
Ceriodaphnia quadrangula,Arthropoda,Branchiopoda,Diplostraca,Daphniidae,Ceriodaphnia,Ceriodaphnia quadrangula
Dendrobaena attemsi,Annelida,Clitellata,Crassiclitellata,Lumbricidae,Dendrobaena,Dendrobaena attemsi
Chironomus sp.,Arthropoda,Insecta,Diptera,Chironomidae,Chironomus,NA
Fridericia ratzeli,Annelida,Clitellata,Enchytraeida,Enchytraeidae,Fridericia,Fridericia ratzeli
Thienemanniella sp.,Arthropoda,Insecta,Diptera,Chironomidae,Thienemanniella,NA
Eurycercus lamellatus,Arthropoda,Branchiopoda,Diplostraca,Eurycercidae,Eurycercus,Eurycercus lamellatus
Chironomus dorsalis,Arthropoda,Insecta,Diptera,Chironomidae,Chironomus,Chironomus dorsalis
Corynoneura scutellata,Arthropoda,Insecta,Diptera,Chironomidae,Corynoneura,Corynoneura scutellata
Simocephalus exspinosus,Arthropoda,Branchiopoda,Diplostraca,Daphniidae,Simocephalus,Simocephalus exspinosus
unclassified_Chironomidae sp.,Arthropoda,Insecta,Diptera,Chironomidae,unclassified_Chironomidae,NA
Chymomyza amoena,Arthropoda,Insecta,Diptera,Drosophilidae,Chymomyza,Chymomyza amoena
Thienemanniella majuscula,Arthropoda,Insecta,Diptera,Chironomidae,Thienemanniella,Thienemanniella majuscula
Tvetenia calvescens,Arthropoda,Insecta,Diptera,Chironomidae,Tvetenia,Tvetenia calvescens
Chironomus nuditarsis,Arthropoda,Insecta,Diptera,Chironomidae,Chironomus,Chironomus nuditarsis
Corynoneura sp.,Arthropoda,Insecta,Diptera,Chironomidae,Corynoneura,NA
Suillia pallida,Arthropoda,Insecta,Diptera,Heleomyzidae,Suillia,Suillia pallida
Pseudolyciella pallidiventris,Arthropoda,Insecta,Diptera,Lauxaniidae,Pseudolyciella,Pseudolyciella pallidiventris
unclassified_Drosophilidae sp.,Arthropoda,Insecta,Diptera,Drosophilidae,unclassified_Drosophilidae,NA
Paratrichocladius rufiventris,Arthropoda,Insecta,Diptera,Chironomidae,Paratrichocladius,Paratrichocladius rufiventris
Bryophaenocladius terrestris,Arthropoda,Insecta,Diptera,Chironomidae,Bryophaenocladius,Bryophaenocladius terrestris
Fridericia tuberosa,Annelida,Clitellata,Enchytraeida,Enchytraeidae,Fridericia,Fridericia tuberosa
Octolasion cyaneum,Annelida,Clitellata,Crassiclitellata,Lumbricidae,Octolasion,Octolasion cyaneum
Fridericia sp.,Annelida,Clitellata,Enchytraeida,Enchytraeidae,Fridericia,NA
Potthastia gaedii,Arthropoda,Insecta,Diptera,Chironomidae,Potthastia,Potthastia gaedii
Platypalpus candicans,Arthropoda,Insecta,Diptera,Hybotidae,Platypalpus,Platypalpus candicans
Barypeithes pellucidus,Arthropoda,Insecta,Coleoptera,Curculionidae,Barypeithes,Barypeithes pellucidus
Henlea perpusilla,Annelida,Clitellata,Enchytraeida,Enchytraeidae,Henlea,Henlea perpusilla
Cricotopus reversus,Arthropoda,Insecta,Diptera,Chironomidae,Cricotopus,Cricotopus reversus
Phosphaenus hemipterus,Arthropoda,Insecta,Coleoptera,Lampyridae,Phosphaenus,Phosphaenus hemipterus
Aporrectodea tuberculata,Annelida,Clitellata,Crassiclitellata,Lumbricidae,Aporrectodea,Aporrectodea tuberculata
Conchapelopia melanops,Arthropoda,Insecta,Diptera,Chironomidae,Conchapelopia,Conchapelopia melanops
Medon sp.,Arthropoda,Insecta,Coleoptera,Staphylinidae,Medon,NA
Desoria grisea,Arthropoda,Collembola,Entomobryomorpha,Isotomidae,Desoria,Desoria grisea
Chaoborus crystallinus,Arthropoda,Insecta,Diptera,Chaoboridae,Chaoborus,Chaoborus crystallinus
Fridericia semisetosa,Annelida,Clitellata,Enchytraeida,Enchytraeidae,Fridericia,Fridericia semisetosa
Murchieona minuscula,Annelida,Clitellata,Crassiclitellata,Lumbricidae,Murchieona,Murchieona minuscula
Quedius boopoides,Arthropoda,Insecta,Coleoptera,Staphylinidae,Quedius,Quedius boopoides
Tipula maxima,Arthropoda,Insecta,Diptera,Tipulidae,Tipula,Tipula maxima
Chironomus cingulatus,Arthropoda,Insecta,Diptera,Chironomidae,Chironomus,Chironomus cingulatus
Hoplia philanthus,Arthropoda,Insecta,Coleoptera,Scarabaeidae,Hoplia,Hoplia philanthus
Cyclops sp.,Arthropoda,Hexanauplia,Cyclopoida,Cyclopidae,Cyclops,NA
Endochironomus sp.,Arthropoda,Insecta,Diptera,Chironomidae,Endochironomus,NA
Cricotopus albiforceps,Arthropoda,Insecta,Diptera,Chironomidae,Cricotopus,Cricotopus albiforceps
Dicrotendipes lobiger,Arthropoda,Insecta,Diptera,Chironomidae,Dicrotendipes,Dicrotendipes lobiger
Pollenia pediculata,Arthropoda,Insecta,Diptera,Polleniidae,Pollenia,Pollenia pediculata
Otiorhynchus crataegi,Arthropoda,Insecta,Coleoptera,Curculionidae,Otiorhynchus,Otiorhynchus crataegi
Lumbricus sp.,Annelida,Clitellata,Crassiclitellata,Lumbricidae,Lumbricus,NA
Cloeon dipterum,Arthropoda,Insecta,Ephemeroptera,Baetidae,Cloeon,Cloeon dipterum
Simulium sp.,Arthropoda,Insecta,Diptera,Simuliidae,Simulium,NA
Willowsia nigromaculata,Arthropoda,Collembola,Entomobryomorpha,Entomobryidae,Willowsia,Willowsia nigromaculata
Platypalpus longicornis,Arthropoda,Insecta,Diptera,Hybotidae,Platypalpus,Platypalpus longicornis
Chaetogaster diastrophus,Annelida,Clitellata,Tubificida,Naididae,Chaetogaster,Chaetogaster diastrophus
Fridericia connata,Annelida,Clitellata,Enchytraeida,Enchytraeidae,Fridericia,Fridericia connata
Orthocladius musester,Arthropoda,Insecta,Diptera,Chironomidae,Orthocladius,Orthocladius musester
Tipula lateralis,Arthropoda,Insecta,Diptera,Tipulidae,Tipula,Tipula lateralis
Corynoptera perpusilla,Arthropoda,Insecta,Diptera,Sciaridae,Corynoptera,Corynoptera perpusilla
Chaoborus obscuripes,Arthropoda,Insecta,Diptera,Chaoboridae,Chaoborus,Chaoborus obscuripes
Pseudosinella alba,Arthropoda,Collembola,Entomobryomorpha,Entomobryidae,Pseudosinella,Pseudosinella alba
Tanytarsus usmaensis,Arthropoda,Insecta,Diptera,Chironomidae,Tanytarsus,Tanytarsus usmaensis
Orthocladius sp.,Arthropoda,Insecta,Diptera,Chironomidae,Orthocladius,NA
Leuctra major,Arthropoda,Insecta,Plecoptera,Leuctridae,Leuctra,Leuctra major
Polyxenus lagurus,Arthropoda,Diplopoda,Polyxenida,Polyxenidae,Polyxenus,Polyxenus lagurus
Hyphydrus ovatus,Arthropoda,Insecta,Coleoptera,Dytiscidae,Hyphydrus,Hyphydrus ovatus
Scutigerella causeyae,Arthropoda,Symphyla,order_Scutigerellidae,Scutigerellidae,Scutigerella,Scutigerella causeyae
Achaeta iberica,Annelida,Clitellata,Crassiclitellata,Megascolecidae,Achaeta,Achaeta iberica
Nostima picta,Arthropoda,Insecta,Diptera,Ephydridae,Nostima,Nostima picta
Suillia bicolor,Arthropoda,Insecta,Diptera,Heleomyzidae,Suillia,Suillia bicolor
Fridericia eiseni,Annelida,Clitellata,Enchytraeida,Enchytraeidae,Fridericia,Fridericia eiseni
Leuctra sp.,Arthropoda,Insecta,Plecoptera,Leuctridae,Leuctra,NA
Baetis rhodani,Arthropoda,Insecta,Ephemeroptera,Baetidae,Baetis,Baetis rhodani
Enchytraeus bulbosus,Annelida,Clitellata,Enchytraeida,Enchytraeidae,Enchytraeus,Enchytraeus bulbosus
Culicoides festivipennis,Arthropoda,Insecta,Diptera,Ceratopogonidae,Culicoides,Culicoides festivipennis
Capnioneura nemuroides,Arthropoda,Insecta,Plecoptera,Capniidae,Capnioneura,Capnioneura nemuroides
Valenzuela flavidus,Arthropoda,Insecta,Psocoptera,Caeciliusidae,Valenzuela,Valenzuela flavidus
Cloeon sp.,Arthropoda,Insecta,Ephemeroptera,Baetidae,Cloeon,NA
Epuraea melanocephala,Arthropoda,Insecta,Coleoptera,Nitidulidae,Epuraea,Epuraea melanocephala
Allolobophora chlorotica,Annelida,Clitellata,Crassiclitellata,Lumbricidae,Allolobophora,Allolobophora chlorotica
Ectopsocus sp.,Arthropoda,Insecta,Psocoptera,Ectopsocidae,Ectopsocus,NA
Aporrectodea nocturna,Annelida,Clitellata,Crassiclitellata,Lumbricidae,Aporrectodea,Aporrectodea nocturna
Culicoides sp.,Arthropoda,Insecta,Diptera,Ceratopogonidae,Culicoides,NA
Megaselia ciliata,Arthropoda,Insecta,Diptera,Phoridae,Megaselia,Megaselia ciliata
Ectopsocus briggsi,Arthropoda,Insecta,Psocoptera,Ectopsocidae,Ectopsocus,Ectopsocus briggsi
Fridericia sylvatica,Annelida,Clitellata,Enchytraeida,Enchytraeidae,Fridericia,Fridericia sylvatica
Sparganophilus tamesis,Annelida,Clitellata,Lumbriculida,Sparganophilidae,Sparganophilus,Sparganophilus tamesis
Aporrectodea longa,Annelida,Clitellata,Crassiclitellata,Lumbricidae,Aporrectodea,Aporrectodea longa
Corynoptera furcifera,Arthropoda,Insecta,Diptera,Sciaridae,Corynoptera,Corynoptera furcifera
Lithobius microps,Arthropoda,Chilopoda,Lithobiomorpha,Lithobiidae,Lithobius,Lithobius microps
Protonemura intricata,Arthropoda,Insecta,Plecoptera,Nemouridae,Protonemura,Protonemura intricata
Endotricha flammealis,Arthropoda,Insecta,Lepidoptera,Pyralidae,Endotricha,Endotricha flammealis
Fridericia christeri,Annelida,Clitellata,Enchytraeida,Enchytraeidae,Fridericia,Fridericia christeri
Liancalus virens,Arthropoda,Insecta,Diptera,Dolichopodidae,Liancalus,Liancalus virens
Clinotanypus nervosus,Arthropoda,Insecta,Diptera,Chironomidae,Clinotanypus,Clinotanypus nervosus
Callicerus rigidicornis,Arthropoda,Insecta,Coleoptera,Staphylinidae,Callicerus,Callicerus rigidicornis
Satchelliella trivialis,Arthropoda,Insecta,Diptera,Psychodidae,Satchelliella,Satchelliella trivialis
Tanytarsus nemorosus,Arthropoda,Insecta,Diptera,Chironomidae,Tanytarsus,Tanytarsus nemorosus
Tanytarsus eminulus,Arthropoda,Insecta,Diptera,Chironomidae,Tanytarsus,Tanytarsus eminulus
Folsomia candida,Arthropoda,Collembola,Entomobryomorpha,Isotomidae,Folsomia,Folsomia candida
Diacyclops sp.,Arthropoda,Hexanauplia,Cyclopoida,Cyclopidae,Diacyclops,NA
Platystoma seminationis,Arthropoda,Insecta,Diptera,Platystomatidae,Platystoma,Platystoma seminationis
Simulium noelleri,Arthropoda,Insecta,Diptera,Simuliidae,Simulium,Simulium noelleri
Corynoptera cursor,Arthropoda,Insecta,Diptera,Sciaridae,Corynoptera,Corynoptera cursor
Ablabesmyia monilis,Arthropoda,Insecta,Diptera,Chironomidae,Ablabesmyia,Ablabesmyia monilis
Geophilus flavus,Arthropoda,Chilopoda,Geophilomorpha,Geophilidae,Geophilus,Geophilus flavus
Fridericia granulocyta,Annelida,Clitellata,Enchytraeida,Enchytraeidae,Fridericia,Fridericia granulocyta
Cognettia chlorophila,Annelida,Clitellata,Enchytraeida,Enchytraeidae,Cognettia,Cognettia chlorophila
Mansonia sp.,Arthropoda,Insecta,Diptera,Culicidae,Mansonia,NA
Graphopsocus cruciatus,Arthropoda,Insecta,Psocoptera,Stenopsocidae,Graphopsocus,Graphopsocus cruciatus
Aporrectodea icterica,Annelida,Clitellata,Crassiclitellata,Lumbricidae,Aporrectodea,Aporrectodea icterica
Limnophyes minimus,Arthropoda,Insecta,Diptera,Chironomidae,Limnophyes,Limnophyes minimus
Rhyacodrilus falciformis,Annelida,Clitellata,Tubificida,Naididae,Rhyacodrilus,Rhyacodrilus falciformis
Zavreliella marmorata,Arthropoda,Insecta,Diptera,Chironomidae,Zavreliella,Zavreliella marmorata
Enchytraeus buchholzi,Annelida,Clitellata,Enchytraeida,Enchytraeidae,Enchytraeus,Enchytraeus buchholzi
Cataclysta lemnata,Arthropoda,Insecta,Lepidoptera,Crambidae,Cataclysta,Cataclysta lemnata
Simulium petricolum,Arthropoda,Insecta,Diptera,Simuliidae,Simulium,Simulium petricolum
Clubiona terrestris,Arthropoda,Arachnida,Araneae,Clubionidae,Clubiona,Clubiona terrestris
Tectocepheus sarekensis,Arthropoda,Arachnida,Sarcoptiformes,Tectocepheidae,Tectocepheus,Tectocepheus sarekensis
Chrysopilus asiliformis,Arthropoda,Insecta,Diptera,Rhagionidae,Chrysopilus,Chrysopilus asiliformis
Fannia serena,Arthropoda,Insecta,Diptera,Fanniidae,Fannia,Fannia serena
Mansonia uniformis,Arthropoda,Insecta,Diptera,Culicidae,Mansonia,Mansonia uniformis
Atheta crassicornis,Arthropoda,Insecta,Coleoptera,Staphylinidae,Atheta,Atheta crassicornis
Paratanytarsus dissimilis,Arthropoda,Insecta,Diptera,Chironomidae,Paratanytarsus,Paratanytarsus dissimilis
Paratendipes albimanus,Arthropoda,Insecta,Diptera,Chironomidae,Paratendipes,Paratendipes albimanus
Culex hortensis,Arthropoda,Insecta,Diptera,Culicidae,Culex,Culex hortensis
Endochironomus albipennis,Arthropoda,Insecta,Diptera,Chironomidae,Endochironomus,Endochironomus albipennis
Neurigona quadrifasciata,Arthropoda,Insecta,Diptera,Dolichopodidae,Neurigona,Neurigona quadrifasciata
Einfeldia pagana,Arthropoda,Insecta,Diptera,Chironomidae,Einfeldia,Einfeldia pagana
Rhithrogena sp.,Arthropoda,Insecta,Ephemeroptera,Heptageniidae,Rhithrogena,NA
Galerucella sagittariae,Arthropoda,Insecta,Coleoptera,Chrysomelidae,Galerucella,Galerucella sagittariae
Galerucella sp.,Arthropoda,Insecta,Coleoptera,Chrysomelidae,Galerucella,NA
Corynoptera furcata,Arthropoda,Insecta,Diptera,Sciaridae,Corynoptera,Corynoptera furcata
Epistrophe melanostoma,Arthropoda,Insecta,Diptera,Syrphidae,Epistrophe,Epistrophe melanostoma
Eucyclops serrulatus,Arthropoda,Hexanauplia,Cyclopoida,Cyclopidae,Eucyclops,Eucyclops serrulatus
Protonemura sp.,Arthropoda,Insecta,Plecoptera,Nemouridae,Protonemura,NA
Fannia polychaeta,Arthropoda,Insecta,Diptera,Fanniidae,Fannia,Fannia polychaeta
Megalothorax willemi,Arthropoda,Collembola,Neelipleona,Neelidae,Megalothorax,Megalothorax willemi
Anoscopus serratulae,Arthropoda,Insecta,Hemiptera,Cicadellidae,Anoscopus,Anoscopus serratulae
Psectrotanypus varius,Arthropoda,Insecta,Diptera,Chironomidae,Psectrotanypus,Psectrotanypus varius
Dicranomyia chorea,Arthropoda,Insecta,Diptera,Limoniidae,Dicranomyia,Dicranomyia chorea
Folsomia fimetaria,Arthropoda,Collembola,Entomobryomorpha,Isotomidae,Folsomia,Folsomia fimetaria
Diamesa sp.,Arthropoda,Insecta,Diptera,Chironomidae,Diamesa,NA
Friesea claviseta,Arthropoda,Collembola,Poduromorpha,Neanuridae,Friesea,Friesea claviseta
Calliphora sp.,Arthropoda,Insecta,Diptera,Calliphoridae,Calliphora,NA
Dendrobaena octaedra,Annelida,Clitellata,Crassiclitellata,Lumbricidae,Dendrobaena,Dendrobaena octaedra
Paratanytarsus tenellulus,Arthropoda,Insecta,Diptera,Chironomidae,Paratanytarsus,Paratanytarsus tenellulus
Leuctra hippopus,Arthropoda,Insecta,Plecoptera,Leuctridae,Leuctra,Leuctra hippopus
Empis aestiva,Arthropoda,Insecta,Diptera,Empididae,Empis,Empis aestiva
Bryophaenocladius ictericus,Arthropoda,Insecta,Diptera,Chironomidae,Bryophaenocladius,Bryophaenocladius ictericus
Candona candida,Arthropoda,Ostracoda,Podocopida,Candonidae,Candona,Candona candida
Bilobella braunerae,Arthropoda,Collembola,Poduromorpha,Neanuridae,Bilobella,Bilobella braunerae
Sminthurinus sp.,Arthropoda,Collembola,Symphypleona,Katiannidae,Sminthurinus,NA
Bactericera albiventris,Arthropoda,Insecta,Hemiptera,Triozidae,Bactericera,Bactericera albiventris
Campyloneura virgula,Arthropoda,Insecta,Hemiptera,Miridae,Campyloneura,Campyloneura virgula
Bradysia trivittata,Arthropoda,Insecta,Diptera,Sciaridae,Bradysia,Bradysia trivittata
Lythraria salicariae,Arthropoda,Insecta,Coleoptera,Chrysomelidae,Lythraria,Lythraria salicariae
Xantholinus linearis,Arthropoda,Insecta,Coleoptera,Staphylinidae,Xantholinus,Xantholinus linearis
Megaloceroea recticornis,Arthropoda,Insecta,Hemiptera,Miridae,Megaloceroea,Megaloceroea recticornis
Microtendipes chloris,Arthropoda,Insecta,Diptera,Chironomidae,Microtendipes,Microtendipes chloris
Chydorus brevilabris,Arthropoda,Branchiopoda,Diplostraca,Chydoridae,Chydorus,Chydorus brevilabris
Haliplus heydeni,Arthropoda,Insecta,Coleoptera,Haliplidae,Haliplus,Haliplus heydeni
Macropelopia nebulosa,Arthropoda,Insecta,Diptera,Chironomidae,Macropelopia,Macropelopia nebulosa
Ilyocoris cimicoides,Arthropoda,Insecta,Hemiptera,Naucoridae,Ilyocoris,Ilyocoris cimicoides
Chironomus curabilis,Arthropoda,Insecta,Diptera,Chironomidae,Chironomus,Chironomus curabilis
Culex sp.,Arthropoda,Insecta,Diptera,Culicidae,Culex,NA
Crunoecia irrorata,Arthropoda,Insecta,Trichoptera,Lepidostomatidae,Crunoecia,Crunoecia irrorata
Chloromyia formosa,Arthropoda,Insecta,Diptera,Stratiomyidae,Chloromyia,Chloromyia formosa
Daphnia longispina,Arthropoda,Branchiopoda,Diplostraca,Daphniidae,Daphnia,Daphnia longispina
Limnophyes pentaplastus,Arthropoda,Insecta,Diptera,Chironomidae,Limnophyes,Limnophyes pentaplastus
Isotoma viridis,Arthropoda,Collembola,Entomobryomorpha,Isotomidae,Isotoma,Isotoma viridis
Keratella quadrata,Rotifera,Eurotatoria,Ploima,Brachionidae,Keratella,Keratella quadrata
Ceratophysella denticulata,Arthropoda,Collembola,Poduromorpha,Hypogastruridae,Ceratophysella,Ceratophysella denticulata
Parisotoma notabilis,Arthropoda,Collembola,Entomobryomorpha,Isotomidae,Parisotoma,Parisotoma notabilis
Micropsectra pallidula,Arthropoda,Insecta,Diptera,Chironomidae,Micropsectra,Micropsectra pallidula
Kiefferulus tendipediformis,Arthropoda,Insecta,Diptera,Chironomidae,Kiefferulus,Kiefferulus tendipediformis
Sciapus sp.,Arthropoda,Insecta,Diptera,Dolichopodidae,Sciapus,NA
Sminthurinus reticulatus,Arthropoda,Collembola,Symphypleona,Katiannidae,Sminthurinus,Sminthurinus reticulatus
Daphnia sp.,Arthropoda,Branchiopoda,Diplostraca,Daphniidae,Daphnia,NA
Allothrombium fuliginosum,Arthropoda,Arachnida,Trombidiformes,Trombidiidae,Allothrombium,Allothrombium fuliginosum
Stenodema laevigata,Arthropoda,Insecta,Hemiptera,Miridae,Stenodema,Stenodema laevigata
Lumbriculus variegatus,Annelida,Clitellata,Lumbriculida,Lumbriculidae,Lumbriculus,Lumbriculus variegatus
Baetis sp.,Arthropoda,Insecta,Ephemeroptera,Baetidae,Baetis,NA
Valenzuela burmeisteri,Arthropoda,Insecta,Psocoptera,Caeciliusidae,Valenzuela,Valenzuela burmeisteri
Minettia longipennis,Arthropoda,Insecta,Diptera,Lauxaniidae,Minettia,Minettia longipennis
Palpomyia lineata,Arthropoda,Insecta,Diptera,Ceratopogonidae,Palpomyia,Palpomyia lineata
Orthocladius schnelli,Arthropoda,Insecta,Diptera,Chironomidae,Orthocladius,Orthocladius schnelli
Diamesa insignipes,Arthropoda,Insecta,Diptera,Chironomidae,Diamesa,Diamesa insignipes
Cricotopus glacialis,Arthropoda,Insecta,Diptera,Chironomidae,Cricotopus,Cricotopus glacialis
Bradysia vagans,Arthropoda,Insecta,Diptera,Sciaridae,Bradysia,Bradysia vagans
Simulium dunfellense,Arthropoda,Insecta,Diptera,Simuliidae,Simulium,Simulium dunfellense
Trichocera saltator,Arthropoda,Insecta,Diptera,Trichoceridae,Trichocera,Trichocera saltator
Psectrocladius platypus,Arthropoda,Insecta,Diptera,Chironomidae,Psectrocladius,Psectrocladius platypus
Bionychiurus tamilensis,Arthropoda,Collembola,Poduromorpha,Onychiuridae,Bionychiurus,Bionychiurus tamilensis
Dicyrtomina ornata,Arthropoda,Collembola,Symphypleona,Dicyrtomidae,Dicyrtomina,Dicyrtomina ornata
Scirtes sp.,Arthropoda,Insecta,Coleoptera,Scirtidae,Scirtes,NA
Antocha vitripennis,Arthropoda,Insecta,Diptera,Limoniidae,Antocha,Antocha vitripennis
Orchesella cincta,Arthropoda,Collembola,Entomobryomorpha,Orchesellidae,Orchesella,Orchesella cincta
Syrphus sp.,Arthropoda,Insecta,Diptera,Syrphidae,Syrphus,NA
Episyrphus sp.,Arthropoda,Insecta,Diptera,Syrphidae,Episyrphus,NA
Platypalpus optivus,Arthropoda,Insecta,Diptera,Hybotidae,Platypalpus,Platypalpus optivus
Parachironomus parilis,Arthropoda,Insecta,Diptera,Chironomidae,Parachironomus,Parachironomus parilis
Megaselia parva,Arthropoda,Insecta,Diptera,Phoridae,Megaselia,Megaselia parva
Endochironomus tendens,Arthropoda,Insecta,Diptera,Chironomidae,Endochironomus,Endochironomus tendens
Parachironomus sp.,Arthropoda,Insecta,Diptera,Chironomidae,Parachironomus,NA
Sialis lutaria,Arthropoda,Insecta,Megaloptera,Sialidae,Sialis,Sialis lutaria
Micropsectra atrofasciata,Arthropoda,Insecta,Diptera,Chironomidae,Micropsectra,Micropsectra atrofasciata
Pollenia labialis,Arthropoda,Insecta,Diptera,Polleniidae,Pollenia,Pollenia labialis
Octolasion sp.,Annelida,Clitellata,Crassiclitellata,Lumbricidae,Octolasion,NA
Malthinus frontalis,Arthropoda,Insecta,Coleoptera,Cantharidae,Malthinus,Malthinus frontalis
Acroperus harpae,Arthropoda,Branchiopoda,Diplostraca,Chydoridae,Acroperus,Acroperus harpae
Nephrotoma quadrifaria,Arthropoda,Insecta,Diptera,Tipulidae,Nephrotoma,Nephrotoma quadrifaria
Gisinianus flammeolus,Arthropoda,Collembola,Symphypleona,Katiannidae,Gisinianus,Gisinianus flammeolus
Fridericia bulboides,Annelida,Clitellata,Enchytraeida,Enchytraeidae,Fridericia,Fridericia bulboides
Psilopa polita,Arthropoda,Insecta,Diptera,Ephydridae,Psilopa,Psilopa polita
Ephemera vulgata,Arthropoda,Insecta,Ephemeroptera,Ephemeridae,Ephemera,Ephemera vulgata
Limnesia undulata,Arthropoda,Arachnida,Trombidiformes,Limnesiidae,Limnesia,Limnesia undulata
Nephrotoma appendiculata,Arthropoda,Insecta,Diptera,Tipulidae,Nephrotoma,Nephrotoma appendiculata
Metaphorura affinis,Arthropoda,Collembola,Poduromorpha,Tullbergiidae,Metaphorura,Metaphorura affinis
Anchomenus dorsalis,Arthropoda,Insecta,Coleoptera,Carabidae,Anchomenus,Anchomenus dorsalis
Anax sp.,Arthropoda,Insecta,Odonata,Aeshnidae,Anax,NA
Dicraeus vagans,Arthropoda,Insecta,Diptera,Chloropidae,Dicraeus,Dicraeus vagans
Stercutus niveus,Annelida,Clitellata,Enchytraeida,Enchytraeidae,Stercutus,Stercutus niveus
Chaoborus flavicans,Arthropoda,Insecta,Diptera,Chaoboridae,Chaoborus,Chaoborus flavicans
Corynoneura gratias,Arthropoda,Insecta,Diptera,Chironomidae,Corynoneura,Corynoneura gratias
Thienemannimyia lentiginosa,Arthropoda,Insecta,Diptera,Chironomidae,Thienemannimyia,Thienemannimyia lentiginosa
Anax imperator,Arthropoda,Insecta,Odonata,Aeshnidae,Anax,Anax imperator
Pammene sp.,Arthropoda,Insecta,Lepidoptera,Tortricidae,Pammene,NA
Agathomyia falleni,Arthropoda,Insecta,Diptera,Platypezidae,Agathomyia,Agathomyia falleni
Psectrocladius conjungens,Arthropoda,Insecta,Diptera,Chironomidae,Psectrocladius,Psectrocladius conjungens
Pilaria discicollis,Arthropoda,Insecta,Diptera,Limoniidae,Pilaria,Pilaria discicollis
Egle sp.,Arthropoda,Insecta,Diptera,Anthomyiidae,Egle,NA
Thienemanniella caspersi,Arthropoda,Insecta,Diptera,Chironomidae,Thienemanniella,Thienemanniella caspersi
Cnephasia sp.,Arthropoda,Insecta,Lepidoptera,Tortricidae,Cnephasia,NA
Megaselia berndseni,Arthropoda,Insecta,Diptera,Phoridae,Megaselia,Megaselia berndseni
Hydrellia albilabris,Arthropoda,Insecta,Diptera,Ephydridae,Hydrellia,Hydrellia albilabris
Isoperla sp.,Arthropoda,Insecta,Plecoptera,Perlodidae,Isoperla,NA
Orthocladius smolandicus,Arthropoda,Insecta,Diptera,Chironomidae,Orthocladius,Orthocladius smolandicus
Atrichopogon muelleri,Arthropoda,Insecta,Diptera,Ceratopogonidae,Atrichopogon,Atrichopogon muelleri
Malthodes pumilus,Arthropoda,Insecta,Coleoptera,Cantharidae,Malthodes,Malthodes pumilus
Lumbricus rubellus,Annelida,Clitellata,Crassiclitellata,Lumbricidae,Lumbricus,Lumbricus rubellus
Micromus variegatus,Arthropoda,Insecta,Neuroptera,Hemerobiidae,Micromus,Micromus variegatus
Tanytarsus mendax,Arthropoda,Insecta,Diptera,Chironomidae,Tanytarsus,Tanytarsus mendax
Orchesella villosa,Arthropoda,Collembola,Entomobryomorpha,Orchesellidae,Orchesella,Orchesella villosa
Paratanytarsus sp.,Arthropoda,Insecta,Diptera,Chironomidae,Paratanytarsus,NA
Slavina appendiculata,Annelida,Clitellata,Tubificida,Naididae,Slavina,Slavina appendiculata
Paratanytarsus laetipes,Arthropoda,Insecta,Diptera,Chironomidae,Paratanytarsus,Paratanytarsus laetipes
Coenagrion sp.,Arthropoda,Insecta,Odonata,Coenagrionidae,Coenagrion,NA
Desoria trispinata,Arthropoda,Collembola,Entomobryomorpha,Isotomidae,Desoria,Desoria trispinata
Simulium angustipes,Arthropoda,Insecta,Diptera,Simuliidae,Simulium,Simulium angustipes
Myllaena intermedia,Arthropoda,Insecta,Coleoptera,Staphylinidae,Myllaena,Myllaena intermedia
Erpobdella testacea,Annelida,Clitellata,Hirudinida,Erpobdellidae,Erpobdella,Erpobdella testacea
Anoscopus albiger,Arthropoda,Insecta,Hemiptera,Cicadellidae,Anoscopus,Anoscopus albiger
Metriocnemus picipes,Arthropoda,Insecta,Diptera,Chironomidae,Metriocnemus,Metriocnemus picipes
Rhamphomyia crassirostris,Arthropoda,Insecta,Diptera,Empididae,Rhamphomyia,Rhamphomyia crassirostris
Rheocricotopus effusus,Arthropoda,Insecta,Diptera,Chironomidae,Rheocricotopus,Rheocricotopus effusus
Platypalpus aristatus,Arthropoda,Insecta,Diptera,Hybotidae,Platypalpus,Platypalpus aristatus
Physella sp.,Mollusca,Gastropoda,order_Physidae,Physidae,Physella,NA
Dicranomyia didyma,Arthropoda,Insecta,Diptera,Limoniidae,Dicranomyia,Dicranomyia didyma
Athous haemorrhoidalis,Arthropoda,Insecta,Coleoptera,Elateridae,Athous,Athous haemorrhoidalis
Elipsocus moebiusi,Arthropoda,Insecta,Psocoptera,Elipsocidae,Elipsocus,Elipsocus moebiusi
Pollenia hungarica,Arthropoda,Insecta,Diptera,Polleniidae,Pollenia,Pollenia hungarica
Plesiodema pinetella,Arthropoda,Insecta,Hemiptera,Miridae,Plesiodema,Plesiodema pinetella
Stenotaenia linearis,Arthropoda,Chilopoda,Geophilomorpha,Geophilidae,Stenotaenia,Stenotaenia linearis
Fabaeformiscandona fragilis,Arthropoda,Ostracoda,Podocopida,Candonidae,Fabaeformiscandona,Fabaeformiscandona fragilis
Chironomus luridus,Arthropoda,Insecta,Diptera,Chironomidae,Chironomus,Chironomus luridus
Trachytes aegrota,Arthropoda,Arachnida,Mesostigmata,Trachytidae,Trachytes,Trachytes aegrota
Daphnia pulex,Arthropoda,Branchiopoda,Diplostraca,Daphniidae,Daphnia,Daphnia pulex
Philonthus carbonarius,Arthropoda,Insecta,Coleoptera,Staphylinidae,Philonthus,Philonthus carbonarius
Melanostoma sp.,Arthropoda,Insecta,Diptera,Syrphidae,Melanostoma,NA
Dryops nitidulus,Arthropoda,Insecta,Coleoptera,Dryopidae,Dryops,Dryops nitidulus
Coelostoma orbiculare,Arthropoda,Insecta,Coleoptera,Hydrophilidae,Coelostoma,Coelostoma orbiculare
Tipula oleracea,Arthropoda,Insecta,Diptera,Tipulidae,Tipula,Tipula oleracea
Cordulia aenea,Arthropoda,Insecta,Odonata,Corduliidae,Cordulia,Cordulia aenea
Empis nigripes,Arthropoda,Insecta,Diptera,Empididae,Empis,Empis nigripes
Limnephilus sp.,Arthropoda,Insecta,Trichoptera,Limnephilidae,Limnephilus,NA
Limnephilus marmoratus,Arthropoda,Insecta,Trichoptera,Limnephilidae,Limnephilus,Limnephilus marmoratus
Vertagopus arboreus,Arthropoda,Collembola,Entomobryomorpha,Isotomidae,Vertagopus,Vertagopus arboreus
Pollenia sp.,Arthropoda,Insecta,Diptera,Polleniidae,Pollenia,NA
Chlorops hypostigma,Arthropoda,Insecta,Diptera,Chloropidae,Chlorops,Chlorops hypostigma
Smittia edwardsi,Arthropoda,Insecta,Diptera,Chironomidae,Smittia,Smittia edwardsi
Philotarsus picicornis,Arthropoda,Insecta,Psocoptera,Philotarsidae,Philotarsus,Philotarsus picicornis
Sminthurinus elegans,Arthropoda,Collembola,Symphypleona,Katiannidae,Sminthurinus,Sminthurinus elegans
Pseudopachychaeta sp.,Arthropoda,Insecta,Diptera,Chloropidae,Pseudopachychaeta,NA
Tachydromia annulimana,Arthropoda,Insecta,Diptera,Hybotidae,Tachydromia,Tachydromia annulimana
Cheilotrichia cinerascens,Arthropoda,Insecta,Diptera,Limoniidae,Cheilotrichia,Cheilotrichia cinerascens
Cypris pubera,Arthropoda,Ostracoda,Podocopida,Cyprididae,Cypris,Cypris pubera
Heterocypris incongruens,Arthropoda,Ostracoda,Podocopida,Cyprididae,Heterocypris,Heterocypris incongruens
Leuctra digitata,Arthropoda,Insecta,Plecoptera,Leuctridae,Leuctra,Leuctra digitata
Corynoptera forcipata,Arthropoda,Insecta,Diptera,Sciaridae,Corynoptera,Corynoptera forcipata
Potamocypris unicaudata,Arthropoda,Ostracoda,Podocopida,Cyprididae,Potamocypris,Potamocypris unicaudata
Limnius volckmari,Arthropoda,Insecta,Coleoptera,Elmidae,Limnius,Limnius volckmari
Symplecta hybrida,Arthropoda,Insecta,Diptera,Limoniidae,Symplecta,Symplecta hybrida
Philopotamus ludificatus,Arthropoda,Insecta,Trichoptera,Philopotamidae,Philopotamus,Philopotamus ludificatus
Limnephilus lunatus,Arthropoda,Insecta,Trichoptera,Limnephilidae,Limnephilus,Limnephilus lunatus
Procladius sp.,Arthropoda,Insecta,Diptera,Chironomidae,Procladius,NA
Ptinus fur,Arthropoda,Insecta,Coleoptera,Ptinidae,Ptinus,Ptinus fur
Tubifex montanus,Annelida,Clitellata,Tubificida,Naididae,Tubifex,Tubifex montanus
Rheocricotopus sp.,Arthropoda,Insecta,Diptera,Chironomidae,Rheocricotopus,NA
Gerris lacustris,Arthropoda,Insecta,Hemiptera,Gerridae,Gerris,Gerris lacustris
unclassified_Erebidae sp.,Arthropoda,Insecta,Lepidoptera,Erebidae,unclassified_Erebidae,NA
Dasyhelea modesta,Arthropoda,Insecta,Diptera,Ceratopogonidae,Dasyhelea,Dasyhelea modesta
Cricotopus festivellus,Arthropoda,Insecta,Diptera,Chironomidae,Cricotopus,Cricotopus festivellus
Empis sp.,Arthropoda,Insecta,Diptera,Empididae,Empis,NA
Glyptotendipes sp.,Arthropoda,Insecta,Diptera,Chironomidae,Glyptotendipes,NA
Elophila nymphaeata,Arthropoda,Insecta,Lepidoptera,Crambidae,Elophila,Elophila nymphaeata
Ectobius vittiventris,Arthropoda,Insecta,Blattodea,Ectobiidae,Ectobius,Ectobius vittiventris
Philonthus cognatus,Arthropoda,Insecta,Coleoptera,Staphylinidae,Philonthus,Philonthus cognatus
Dixella aestivalis,Arthropoda,Insecta,Diptera,Dixidae,Dixella,Dixella aestivalis
Tanypus kraatzi,Arthropoda,Insecta,Diptera,Chironomidae,Tanypus,Tanypus kraatzi
Orthocladius fuscimanus,Arthropoda,Insecta,Diptera,Chironomidae,Orthocladius,Orthocladius fuscimanus
Philoscia muscorum,Arthropoda,Malacostraca,Isopoda,Philosciidae,Philoscia,Philoscia muscorum
Natarsia punctata,Arthropoda,Insecta,Diptera,Chironomidae,Natarsia,Natarsia punctata
Stylochaeta scirtetica,Gastrotricha,class_Chaetonotida,Chaetonotida,Dasydytidae,Stylochaeta,Stylochaeta scirtetica
Platypalpus sp.,Arthropoda,Insecta,Diptera,Hybotidae,Platypalpus,NA
Aphrodes sp.,Arthropoda,Insecta,Hemiptera,Cicadellidae,Aphrodes,NA
Altica sp.,Arthropoda,Insecta,Coleoptera,Chrysomelidae,Altica,NA
Otiorhynchus meridionalis,Arthropoda,Insecta,Coleoptera,Curculionidae,Otiorhynchus,Otiorhynchus meridionalis
Schoettella ununguiculata,Arthropoda,Collembola,Poduromorpha,Hypogastruridae,Schoettella,Schoettella ununguiculata
Paratanytarsus bituberculatus,Arthropoda,Insecta,Diptera,Chironomidae,Paratanytarsus,Paratanytarsus bituberculatus
Tanytarsus lactescens,Arthropoda,Insecta,Diptera,Chironomidae,Tanytarsus,Tanytarsus lactescens
Potamothrix bavaricus,Annelida,Clitellata,Tubificida,Naididae,Potamothrix,Potamothrix bavaricus
Tabanus maculicornis,Arthropoda,Insecta,Diptera,Tabanidae,Tabanus,Tabanus maculicornis
Quedius laevicollis,Arthropoda,Insecta,Coleoptera,Staphylinidae,Quedius,Quedius laevicollis
Tanytarsus sp.,Arthropoda,Insecta,Diptera,Chironomidae,Tanytarsus,NA
Sarcophaga sp.,Arthropoda,Insecta,Diptera,Sarcophagidae,Sarcophaga,NA
Xenochironomus xenolabis,Arthropoda,Insecta,Diptera,Chironomidae,Xenochironomus,Xenochironomus xenolabis
Platypalpus annulipes,Arthropoda,Insecta,Diptera,Hybotidae,Platypalpus,Platypalpus annulipes
Scaptomyza sp.,Arthropoda,Insecta,Diptera,Drosophilidae,Scaptomyza,NA
Prodiamesa olivacea,Arthropoda,Insecta,Diptera,Chironomidae,Prodiamesa,Prodiamesa olivacea
Crepidodera pluta,Arthropoda,Insecta,Coleoptera,Chrysomelidae,Crepidodera,Crepidodera pluta
Dero sp.,Annelida,Clitellata,Tubificida,Naididae,Dero,NA
Willowsia buskii,Arthropoda,Collembola,Entomobryomorpha,Entomobryidae,Willowsia,Willowsia buskii
Entomobrya nivalis,Arthropoda,Collembola,Entomobryomorpha,Entomobryidae,Entomobrya,Entomobrya nivalis
Rheocricotopus chalybeatus,Arthropoda,Insecta,Diptera,Chironomidae,Rheocricotopus,Rheocricotopus chalybeatus
Erioptera griseipennis,Arthropoda,Insecta,Diptera,Limoniidae,Erioptera,Erioptera griseipennis
Bezzia bicolor,Arthropoda,Insecta,Diptera,Ceratopogonidae,Bezzia,Bezzia bicolor
Megaselia sp.,Arthropoda,Insecta,Diptera,Phoridae,Megaselia,NA
Pilophorus confusus,Arthropoda,Insecta,Hemiptera,Miridae,Pilophorus,Pilophorus confusus
Bezzia sp.,Arthropoda,Insecta,Diptera,Ceratopogonidae,Bezzia,NA
Rheocricotopus robacki,Arthropoda,Insecta,Diptera,Chironomidae,Rheocricotopus,Rheocricotopus robacki
Aulodrilus pluriseta,Annelida,Clitellata,Tubificida,Naididae,Aulodrilus,Aulodrilus pluriseta
Limnophora olympiae,Arthropoda,Insecta,Diptera,Muscidae,Limnophora,Limnophora olympiae
Aphrodes makarovi,Arthropoda,Insecta,Hemiptera,Cicadellidae,Aphrodes,Aphrodes makarovi
Rheocricotopus fuscipes,Arthropoda,Insecta,Diptera,Chironomidae,Rheocricotopus,Rheocricotopus fuscipes
Hypogastrura purpurescens,Arthropoda,Collembola,Poduromorpha,Hypogastruridae,Hypogastrura,Hypogastrura purpurescens
Pseudolimnophila ebullata,Arthropoda,Insecta,Diptera,Limoniidae,Pseudolimnophila,Pseudolimnophila ebullata
Psectrocladius sp.,Arthropoda,Insecta,Diptera,Chironomidae,Psectrocladius,NA
Isoperla grammatica,Arthropoda,Insecta,Plecoptera,Perlodidae,Isoperla,Isoperla grammatica
Simocephalus vetulus,Arthropoda,Branchiopoda,Diplostraca,Daphniidae,Simocephalus,Simocephalus vetulus
Hydrellia maura,Arthropoda,Insecta,Diptera,Ephydridae,Hydrellia,Hydrellia maura
Anopheles maculipennis,Arthropoda,Insecta,Diptera,Culicidae,Anopheles,Anopheles maculipennis
Orthochordeumella pallida,Arthropoda,Diplopoda,Chordeumatida,Chordeumatidae,Orthochordeumella,Orthochordeumella pallida
Polypedilum arundineti,Arthropoda,Insecta,Diptera,Chironomidae,Polypedilum,Polypedilum arundineti
Trachelipus rathkii,Arthropoda,Malacostraca,Isopoda,Trachelipodidae,Trachelipus,Trachelipus rathkii
Crepidodera aurata,Arthropoda,Insecta,Coleoptera,Chrysomelidae,Crepidodera,Crepidodera aurata
Psychoda gemina,Arthropoda,Insecta,Diptera,Psychodidae,Psychoda,Psychoda gemina
Orientus ishidae,Arthropoda,Insecta,Hemiptera,Cicadellidae,Orientus,Orientus ishidae
Pseudosmittia gracilis,Arthropoda,Insecta,Diptera,Chironomidae,Pseudosmittia,Pseudosmittia gracilis
Aeshna cyanea,Arthropoda,Insecta,Odonata,Aeshnidae,Aeshna,Aeshna cyanea
Quedius sp.,Arthropoda,Insecta,Coleoptera,Staphylinidae,Quedius,NA
Lithobius forficatus,Arthropoda,Chilopoda,Lithobiomorpha,Lithobiidae,Lithobius,Lithobius forficatus
Oligota pumilio,Arthropoda,Insecta,Coleoptera,Staphylinidae,Oligota,Oligota pumilio
Psectrocladius psilopterus,Arthropoda,Insecta,Diptera,Chironomidae,Psectrocladius,Psectrocladius psilopterus
Megasternum sp.,Arthropoda,Insecta,Coleoptera,Hydrophilidae,Megasternum,NA
Tipula sp.,Arthropoda,Insecta,Diptera,Tipulidae,Tipula,NA
Trochosa sp.,Arthropoda,Arachnida,Araneae,Lycosidae,Trochosa,NA
Chironomus lugubris,Arthropoda,Insecta,Diptera,Chironomidae,Chironomus,Chironomus lugubris
Cricotopus annulator,Arthropoda,Insecta,Diptera,Chironomidae,Cricotopus,Cricotopus annulator
Berginus tamarisci,Arthropoda,Insecta,Coleoptera,Mycetophagidae,Berginus,Berginus tamarisci
Scolopostethus affinis,Arthropoda,Insecta,Hemiptera,Rhyparochromidae,Scolopostethus,Scolopostethus affinis
Fannia pallitibia,Arthropoda,Insecta,Diptera,Fanniidae,Fannia,Fannia pallitibia
Scaptomyza pallida,Arthropoda,Insecta,Diptera,Drosophilidae,Scaptomyza,Scaptomyza pallida
Dasyhelea turficola,Arthropoda,Insecta,Diptera,Ceratopogonidae,Dasyhelea,Dasyhelea turficola
Brillia bifida,Arthropoda,Insecta,Diptera,Chironomidae,Brillia,Brillia bifida
Tubifex tubifex,Annelida,Clitellata,Tubificida,Naididae,Tubifex,Tubifex tubifex
Altica oleracea,Arthropoda,Insecta,Coleoptera,Chrysomelidae,Altica,Altica oleracea
Nais communis,Annelida,Clitellata,Tubificida,Naididae,Nais,Nais communis
Brachychaeteuma bradeae,Arthropoda,Diplopoda,Chordeumatida,Brachychaeteumatidae,Brachychaeteuma,Brachychaeteuma bradeae
Trox scaber,Arthropoda,Insecta,Coleoptera,Trogidae,Trox,Trox scaber
Libellula quadrimaculata,Arthropoda,Insecta,Odonata,Libellulidae,Libellula,Libellula quadrimaculata
Melogona voigti,Arthropoda,Diplopoda,Chordeumatida,Chordeumatidae,Melogona,Melogona voigti
Thalassaphorura sp.,Arthropoda,Collembola,Poduromorpha,Onychiuridae,Thalassaphorura,NA
Polypedilum albicorne,Arthropoda,Insecta,Diptera,Chironomidae,Polypedilum,Polypedilum albicorne
Tanytarsus brundini,Arthropoda,Insecta,Diptera,Chironomidae,Tanytarsus,Tanytarsus brundini
Platypalpus australominutus,Arthropoda,Insecta,Diptera,Hybotidae,Platypalpus,Platypalpus australominutus
Nepa cinerea,Arthropoda,Insecta,Hemiptera,Nepidae,Nepa,Nepa cinerea
Hydromya dorsalis,Arthropoda,Insecta,Diptera,Sciomyzidae,Hydromya,Hydromya dorsalis
Pergamasus mirabilis,Arthropoda,Arachnida,Mesostigmata,Parasitidae,Pergamasus,Pergamasus mirabilis
Lonchoptera lutea,Arthropoda,Insecta,Diptera,Lonchopteridae,Lonchoptera,Lonchoptera lutea
Melampophylax melampus,Arthropoda,Insecta,Trichoptera,Limnephilidae,Melampophylax,Melampophylax melampus
Chrysotus sp.,Arthropoda,Insecta,Diptera,Dolichopodidae,Chrysotus,NA
Eisenia sp.,Annelida,Clitellata,Crassiclitellata,Lumbricidae,Eisenia,NA
Trochosa terricola,Arthropoda,Arachnida,Araneae,Lycosidae,Trochosa,Trochosa terricola
Tachyporus sp.,Arthropoda,Insecta,Coleoptera,Staphylinidae,Tachyporus,NA
Delia sp.,Arthropoda,Insecta,Diptera,Anthomyiidae,Delia,NA
Metriocnemus fuscipes,Arthropoda,Insecta,Diptera,Chironomidae,Metriocnemus,Metriocnemus fuscipes
Hyloniscus riparius,Arthropoda,Malacostraca,Isopoda,Trichoniscidae,Hyloniscus,Hyloniscus riparius
Helochares lividus,Arthropoda,Insecta,Coleoptera,Hydrophilidae,Helochares,Helochares lividus
Polypedilum convictum,Arthropoda,Insecta,Diptera,Chironomidae,Polypedilum,Polypedilum convictum
Myrmica sp.,Arthropoda,Insecta,Hymenoptera,Formicidae,Myrmica,NA
Kleidocerys resedae,Arthropoda,Insecta,Hemiptera,Lygaeidae,Kleidocerys,Kleidocerys resedae
Dero zeylanica,Annelida,Clitellata,Tubificida,Naididae,Dero,Dero zeylanica
Limnophora riparia,Arthropoda,Insecta,Diptera,Muscidae,Limnophora,Limnophora riparia
Psychoda alternata,Arthropoda,Insecta,Diptera,Psychodidae,Psychoda,Psychoda alternata
Synendotendipes impar,Arthropoda,Insecta,Diptera,Chironomidae,Synendotendipes,Synendotendipes impar
Branchiura sowerbyi,Annelida,Clitellata,Tubificida,Naididae,Branchiura,Branchiura sowerbyi
Lesteva sp.,Arthropoda,Insecta,Coleoptera,Staphylinidae,Lesteva,NA
Globulidrilus riparius,Annelida,Clitellata,Enchytraeida,Enchytraeidae,Globulidrilus,Globulidrilus riparius
Agromyza pseudoreptans,Arthropoda,Insecta,Diptera,Agromyzidae,Agromyza,Agromyza pseudoreptans
Nanocladius rectinervis,Arthropoda,Insecta,Diptera,Chironomidae,Nanocladius,Nanocladius rectinervis
Stelidota geminata,Arthropoda,Insecta,Coleoptera,Nitidulidae,Stelidota,Stelidota geminata
Amara sp.,Arthropoda,Insecta,Coleoptera,Carabidae,Amara,NA
Pedicia littoralis,Arthropoda,Insecta,Diptera,Pediciidae,Pedicia,Pedicia littoralis
Bradysia brevispina,Arthropoda,Insecta,Diptera,Sciaridae,Bradysia,Bradysia brevispina
Tanytarsus signatus,Arthropoda,Insecta,Diptera,Chironomidae,Tanytarsus,Tanytarsus signatus
Phylidorea ferruginea,Arthropoda,Insecta,Diptera,Limoniidae,Phylidorea,Phylidorea ferruginea
Limnius perrisi,Arthropoda,Insecta,Coleoptera,Elmidae,Limnius,Limnius perrisi
Pseudolimnophila lucorum,Arthropoda,Insecta,Diptera,Limoniidae,Pseudolimnophila,Pseudolimnophila lucorum
Pergamasus misellus,Arthropoda,Arachnida,Mesostigmata,Parasitidae,Pergamasus,Pergamasus misellus
Tanytarsus occultus,Arthropoda,Insecta,Diptera,Chironomidae,Tanytarsus,Tanytarsus occultus
Cricotopus rufiventris,Arthropoda,Insecta,Diptera,Chironomidae,Cricotopus,Cricotopus rufiventris
Anopheles sp.,Arthropoda,Insecta,Diptera,Culicidae,Anopheles,NA
Cephalops penultimus,Arthropoda,Insecta,Diptera,Pipunculidae,Cephalops,Cephalops penultimus
Cladopelma sp.,Arthropoda,Insecta,Diptera,Chironomidae,Cladopelma,NA
unclassified_Tortricidae sp.,Arthropoda,Insecta,Lepidoptera,Tortricidae,unclassified_Tortricidae,NA
Meliscaeva auricollis,Arthropoda,Insecta,Diptera,Syrphidae,Meliscaeva,Meliscaeva auricollis
Bezzia solstitialis,Arthropoda,Insecta,Diptera,Ceratopogonidae,Bezzia,Bezzia solstitialis
unclassified_Cyclopidae sp.,Arthropoda,Hexanauplia,Cyclopoida,Cyclopidae,unclassified_Cyclopidae,NA
Thienemanniella obscura,Arthropoda,Insecta,Diptera,Chironomidae,Thienemanniella,Thienemanniella obscura
Agabus nebulosus,Arthropoda,Insecta,Coleoptera,Dytiscidae,Agabus,Agabus nebulosus
Metopina galeata,Arthropoda,Insecta,Diptera,Phoridae,Metopina,Metopina galeata
Candonopsis kingsleii,Arthropoda,Ostracoda,Podocopida,Candonidae,Candonopsis,Candonopsis kingsleii
Microchrysa sp.,Arthropoda,Insecta,Diptera,Stratiomyidae,Microchrysa,NA
Ameroseius corbiculus,Arthropoda,Arachnida,Mesostigmata,Ameroseiidae,Ameroseius,Ameroseius corbiculus
Fridericia striata,Annelida,Clitellata,Enchytraeida,Enchytraeidae,Fridericia,Fridericia striata
Caenis luctuosa,Arthropoda,Insecta,Ephemeroptera,Caenidae,Caenis,Caenis luctuosa
Odontocerum albicorne,Arthropoda,Insecta,Trichoptera,Odontoceridae,Odontocerum,Odontocerum albicorne
Polypedilum scalaenum,Arthropoda,Insecta,Diptera,Chironomidae,Polypedilum,Polypedilum scalaenum
Longitarsus pulmonariae,Arthropoda,Insecta,Coleoptera,Chrysomelidae,Longitarsus,Longitarsus pulmonariae
Ilyodrilus templetoni,Annelida,Clitellata,Tubificida,Naididae,Ilyodrilus,Ilyodrilus templetoni
Parophonus maculicornis,Arthropoda,Insecta,Coleoptera,Carabidae,Parophonus,Parophonus maculicornis
Cephalops sp.,Arthropoda,Insecta,Diptera,Pipunculidae,Cephalops,NA
Procladius signatus,Arthropoda,Insecta,Diptera,Chironomidae,Procladius,Procladius signatus
Chironomus thummi,Arthropoda,Insecta,Diptera,Chironomidae,Chironomus,Chironomus thummi
Cypha longicornis,Arthropoda,Insecta,Coleoptera,Staphylinidae,Cypha,Cypha longicornis
Pollenia rudis,Arthropoda,Insecta,Diptera,Polleniidae,Pollenia,Pollenia rudis
Campaea margaritaria,Arthropoda,Insecta,Lepidoptera,Geometridae,Campaea,Campaea margaritaria
Chydorus sphaericus,Arthropoda,Branchiopoda,Diplostraca,Chydoridae,Chydorus,Chydorus sphaericus
Hydrodroma despiciens,Arthropoda,Arachnida,Trombidiformes,Hydrodromidae,Hydrodroma,Hydrodroma despiciens
Lobrathium multipunctum,Arthropoda,Insecta,Coleoptera,Staphylinidae,Lobrathium,Lobrathium multipunctum
Micropsectra klinki,Arthropoda,Insecta,Diptera,Chironomidae,Micropsectra,Micropsectra klinki
Sciaphilus asperatus,Arthropoda,Insecta,Coleoptera,Curculionidae,Sciaphilus,Sciaphilus asperatus
Eukiefferiella sp.,Arthropoda,Insecta,Diptera,Chironomidae,Eukiefferiella,NA
Platypalpus agilis,Arthropoda,Insecta,Diptera,Hybotidae,Platypalpus,Platypalpus agilis
Otiorhynchus salicicola,Arthropoda,Insecta,Coleoptera,Curculionidae,Otiorhynchus,Otiorhynchus salicicola
Rhantus suturalis,Arthropoda,Insecta,Coleoptera,Dytiscidae,Rhantus,Rhantus suturalis
Tipula paludosa,Arthropoda,Insecta,Diptera,Tipulidae,Tipula,Tipula paludosa
Scatella tenuicosta,Arthropoda,Insecta,Diptera,Ephydridae,Scatella,Scatella tenuicosta
Ischnura sp.,Arthropoda,Insecta,Odonata,Coenagrionidae,Ischnura,NA
Holoparasitus calcaratus,Arthropoda,Arachnida,Mesostigmata,Parasitidae,Holoparasitus,Holoparasitus calcaratus
Cyclops abyssorum,Arthropoda,Hexanauplia,Cyclopoida,Cyclopidae,Cyclops,Cyclops abyssorum
Empis caudatula,Arthropoda,Insecta,Diptera,Empididae,Empis,Empis caudatula
Drusilla canaliculata,Arthropoda,Insecta,Coleoptera,Staphylinidae,Drusilla,Drusilla canaliculata
Amphinemura triangularis,Arthropoda,Insecta,Plecoptera,Nemouridae,Amphinemura,Amphinemura triangularis
Entomobrya marginata,Arthropoda,Collembola,Entomobryomorpha,Entomobryidae,Entomobrya,Entomobrya marginata
Dryops luridus,Arthropoda,Insecta,Coleoptera,Dryopidae,Dryops,Dryops luridus
Cybister lateralimarginalis,Arthropoda,Insecta,Coleoptera,Dytiscidae,Cybister,Cybister lateralimarginalis
Pergamasus vagabundus,Arthropoda,Arachnida,Mesostigmata,Parasitidae,Pergamasus,Pergamasus vagabundus
Notonecta maculata,Arthropoda,Insecta,Hemiptera,Notonectidae,Notonecta,Notonecta maculata
Guttipelopia guttipennis,Arthropoda,Insecta,Diptera,Chironomidae,Guttipelopia,Guttipelopia guttipennis
Dohrniphora cornuta,Arthropoda,Insecta,Diptera,Phoridae,Dohrniphora,Dohrniphora cornuta
Neoascia sp.,Arthropoda,Insecta,Diptera,Syrphidae,Neoascia,NA
Clogmia albipunctata,Arthropoda,Insecta,Diptera,Psychodidae,Clogmia,Clogmia albipunctata
Rheocricotopus atripes,Arthropoda,Insecta,Diptera,Chironomidae,Rheocricotopus,Rheocricotopus atripes
Oplodontha viridula,Arthropoda,Insecta,Diptera,Stratiomyidae,Oplodontha,Oplodontha viridula
Eiseniella tetraedra,Annelida,Clitellata,Crassiclitellata,Lumbricidae,Eiseniella,Eiseniella tetraedra
Psychoda phalaenoides,Arthropoda,Insecta,Diptera,Psychodidae,Psychoda,Psychoda phalaenoides
Contacyphon sp.,Arthropoda,Insecta,Coleoptera,Scirtidae,Contacyphon,NA
Palpomyia spinipes,Arthropoda,Insecta,Diptera,Ceratopogonidae,Palpomyia,Palpomyia spinipes
Lumbricus castaneus,Annelida,Clitellata,Crassiclitellata,Lumbricidae,Lumbricus,Lumbricus castaneus
Cricotopus arcuatus,Arthropoda,Insecta,Diptera,Chironomidae,Cricotopus,Cricotopus arcuatus
Stenaphorura denisi,Arthropoda,Collembola,Poduromorpha,Tullbergiidae,Stenaphorura,Stenaphorura denisi
Enchytraeus lacteus,Annelida,Clitellata,Enchytraeida,Enchytraeidae,Enchytraeus,Enchytraeus lacteus
Stempellina bausei,Arthropoda,Insecta,Diptera,Chironomidae,Stempellina,Stempellina bausei
Acanthocyclops sp.,Arthropoda,Hexanauplia,Cyclopoida,Cyclopidae,Acanthocyclops,NA
Tephritis sp.,Arthropoda,Insecta,Diptera,Tephritidae,Tephritis,NA
Catocha latipes,Arthropoda,Insecta,Diptera,Cecidomyiidae,Catocha,Catocha latipes
Ablabesmyia longistyla,Arthropoda,Insecta,Diptera,Chironomidae,Ablabesmyia,Ablabesmyia longistyla
Korscheltellus lupulinus,Arthropoda,Insecta,Lepidoptera,Hepialidae,Korscheltellus,Korscheltellus lupulinus
Elmis perezi,Arthropoda,Insecta,Coleoptera,Elmidae,Elmis,Elmis perezi
Phytomyza wahlgreni,Arthropoda,Insecta,Diptera,Agromyzidae,Phytomyza,Phytomyza wahlgreni
Drosophila funebris,Arthropoda,Insecta,Diptera,Drosophilidae,Drosophila,Drosophila funebris
Megaselia consetigera,Arthropoda,Insecta,Diptera,Phoridae,Megaselia,Megaselia consetigera
Tanypus vilipennis,Arthropoda,Insecta,Diptera,Chironomidae,Tanypus,Tanypus vilipennis
Procloeon pennulatum,Arthropoda,Insecta,Ephemeroptera,Baetidae,Procloeon,Procloeon pennulatum
Lepidocyrtus lanuginosus,Arthropoda,Collembola,Entomobryomorpha,Entomobryidae,Lepidocyrtus,Lepidocyrtus lanuginosus
Pristina longiseta,Annelida,Clitellata,Tubificida,Naididae,Pristina,Pristina longiseta
Serica brunnea,Arthropoda,Insecta,Coleoptera,Scarabaeidae,Serica,Serica brunnea
Chironomus pseudothummi,Arthropoda,Insecta,Diptera,Chironomidae,Chironomus,Chironomus pseudothummi
unclassified_Crambidae sp.,Arthropoda,Insecta,Lepidoptera,Crambidae,unclassified_Crambidae,NA
Stylaria lacustris,Annelida,Clitellata,Tubificida,Naididae,Stylaria,Stylaria lacustris
Ceratophysella gibbosa,Arthropoda,Collembola,Poduromorpha,Hypogastruridae,Ceratophysella,Ceratophysella gibbosa
Isoperla oxylepis,Arthropoda,Insecta,Plecoptera,Perlodidae,Isoperla,Isoperla oxylepis
Corynoptera subparvula,Arthropoda,Insecta,Diptera,Sciaridae,Corynoptera,Corynoptera subparvula
Arrenurus suecicus,Arthropoda,Arachnida,Trombidiformes,Arrenuridae,Arrenurus,Arrenurus suecicus
Limnephilus vittatus,Arthropoda,Insecta,Trichoptera,Limnephilidae,Limnephilus,Limnephilus vittatus
Rhodacarellus silesiacus,Arthropoda,Arachnida,Mesostigmata,Rhodacaridae,Rhodacarellus,Rhodacarellus silesiacus
Eukiefferiella endobryonia,Arthropoda,Insecta,Diptera,Chironomidae,Eukiefferiella,Eukiefferiella endobryonia
Arion sp.,Mollusca,Gastropoda,Stylommatophora,Arionidae,Arion,NA
Hydroporus planus,Arthropoda,Insecta,Coleoptera,Dytiscidae,Hydroporus,Hydroporus planus
Melanogaster aerosa,Arthropoda,Insecta,Diptera,Syrphidae,Melanogaster,Melanogaster aerosa
Dicyphus errans,Arthropoda,Insecta,Hemiptera,Miridae,Dicyphus,Dicyphus errans
Fannia sp.,Arthropoda,Insecta,Diptera,Fanniidae,Fannia,NA
Mesenchytraeus pelicensis,Annelida,Clitellata,Enchytraeida,Enchytraeidae,Mesenchytraeus,Mesenchytraeus pelicensis
Cheilosia urbana,Arthropoda,Insecta,Diptera,Syrphidae,Cheilosia,Cheilosia urbana
Stigmatogaster subterranea,Arthropoda,Chilopoda,Geophilomorpha,Himantariidae,Stigmatogaster,Stigmatogaster subterranea
Globiceps sp.,Arthropoda,Insecta,Hemiptera,Miridae,Globiceps,NA
Chironomus anthracinus,Arthropoda,Insecta,Diptera,Chironomidae,Chironomus,Chironomus anthracinus
Hemerobius humulinus,Arthropoda,Insecta,Neuroptera,Hemerobiidae,Hemerobius,Hemerobius humulinus
Dicranomyia modesta,Arthropoda,Insecta,Diptera,Limoniidae,Dicranomyia,Dicranomyia modesta
Eremocoris sp.,Arthropoda,Insecta,Hemiptera,Rhyparochromidae,Eremocoris,NA
Cryphia algae,Arthropoda,Insecta,Lepidoptera,Noctuidae,Cryphia,Cryphia algae
Phalangium opilio,Arthropoda,Arachnida,Opiliones,Phalangiidae,Phalangium,Phalangium opilio
Simulium erythrocephalum,Arthropoda,Insecta,Diptera,Simuliidae,Simulium,Simulium erythrocephalum
Tachyporus pusillus,Arthropoda,Insecta,Coleoptera,Staphylinidae,Tachyporus,Tachyporus pusillus
Orthocladius rubicundus,Arthropoda,Insecta,Diptera,Chironomidae,Orthocladius,Orthocladius rubicundus
Amara aenea,Arthropoda,Insecta,Coleoptera,Carabidae,Amara,Amara aenea
Harpalus sp.,Arthropoda,Insecta,Coleoptera,Carabidae,Harpalus,NA
Dikerogammarus villosus,Arthropoda,Malacostraca,Amphipoda,Gammaridae,Dikerogammarus,Dikerogammarus villosus
Wiedemannia bistigma,Arthropoda,Insecta,Diptera,Empididae,Wiedemannia,Wiedemannia bistigma
Calliopum simillimum,Arthropoda,Insecta,Diptera,Lauxaniidae,Calliopum,Calliopum simillimum
Quedius nitipennis,Arthropoda,Insecta,Coleoptera,Staphylinidae,Quedius,Quedius nitipennis
Culicoides kibunensis,Arthropoda,Insecta,Diptera,Ceratopogonidae,Culicoides,Culicoides kibunensis
Hydra circumcincta,Cnidaria,Hydrozoa,Anthoathecata,Hydridae,Hydra,Hydra circumcincta
Contacyphon padi,Arthropoda,Insecta,Coleoptera,Scirtidae,Contacyphon,Contacyphon padi
Agriopis aurantiaria,Arthropoda,Insecta,Lepidoptera,Geometridae,Agriopis,Agriopis aurantiaria
Harnischia fuscimana,Arthropoda,Insecta,Diptera,Chironomidae,Harnischia,Harnischia fuscimana
Ceratophysella succinea,Arthropoda,Collembola,Poduromorpha,Hypogastruridae,Ceratophysella,Ceratophysella succinea
Protaphorura fimata,Arthropoda,Collembola,Poduromorpha,Onychiuridae,Protaphorura,Protaphorura fimata
Odontomyia pubescens,Arthropoda,Insecta,Diptera,Stratiomyidae,Odontomyia,Odontomyia pubescens
Fabaeformiscandona fabaeformis,Arthropoda,Ostracoda,Podocopida,Candonidae,Fabaeformiscandona,Fabaeformiscandona fabaeformis
Dicranomyia morio,Arthropoda,Insecta,Diptera,Limoniidae,Dicranomyia,Dicranomyia morio
Noterus clavicornis,Arthropoda,Insecta,Coleoptera,Noteridae,Noterus,Noterus clavicornis
Fannia sociella,Arthropoda,Insecta,Diptera,Fanniidae,Fannia,Fannia sociella
Ulomyia fuliginosa,Arthropoda,Insecta,Diptera,Psychodidae,Ulomyia,Ulomyia fuliginosa
Nilotanypus dubius,Arthropoda,Insecta,Diptera,Chironomidae,Nilotanypus,Nilotanypus dubius
Culiseta sp.,Arthropoda,Insecta,Diptera,Culicidae,Culiseta,NA
Pristina aequiseta,Annelida,Clitellata,Tubificida,Naididae,Pristina,Pristina aequiseta
Lasius sp.,Arthropoda,Insecta,Hymenoptera,Formicidae,Lasius,NA
Isotomurus palustris,Arthropoda,Collembola,Entomobryomorpha,Isotomidae,Isotomurus,Isotomurus palustris
Scymnus frontalis,Arthropoda,Insecta,Coleoptera,Coccinellidae,Scymnus,Scymnus frontalis
Mocyta fungi,Arthropoda,Insecta,Coleoptera,Staphylinidae,Mocyta,Mocyta fungi
Dicranophragma separatum,Arthropoda,Insecta,Diptera,Limoniidae,Dicranophragma,Dicranophragma separatum
Prosimulium hirtipes,Arthropoda,Insecta,Diptera,Simuliidae,Prosimulium,Prosimulium hirtipes
Pollenia griseotomentosa,Arthropoda,Insecta,Diptera,Polleniidae,Pollenia,Pollenia griseotomentosa
Triphleba autumnalis,Arthropoda,Insecta,Diptera,Phoridae,Triphleba,Triphleba autumnalis
Hydrosmittia oxoniana,Arthropoda,Insecta,Diptera,Chironomidae,Hydrosmittia,Hydrosmittia oxoniana
Arocatus sp.,Arthropoda,Insecta,Hemiptera,Lygaeidae,Arocatus,NA
Amphimallon solstitiale,Arthropoda,Insecta,Coleoptera,Scarabaeidae,Amphimallon,Amphimallon solstitiale
Noctua comes,Arthropoda,Insecta,Lepidoptera,Noctuidae,Noctua,Noctua comes
Arion hortensis,Mollusca,Gastropoda,Stylommatophora,Arionidae,Arion,Arion hortensis
Dromius quadrimaculatus,Arthropoda,Insecta,Coleoptera,Carabidae,Dromius,Dromius quadrimaculatus
Carychium tridentatum,Mollusca,Gastropoda,Ellobiida,Ellobiidae,Carychium,Carychium tridentatum
Chalarus juliae,Arthropoda,Insecta,Diptera,Pipunculidae,Chalarus,Chalarus juliae
Gaeolaelaps aculeifer,Arthropoda,Arachnida,Mesostigmata,Laelapidae,Gaeolaelaps,Gaeolaelaps aculeifer
Parachironomus gracilior,Arthropoda,Insecta,Diptera,Chironomidae,Parachironomus,Parachironomus gracilior
Drosophila suzukii,Arthropoda,Insecta,Diptera,Drosophilidae,Drosophila,Drosophila suzukii
Platypalpus longiseta,Arthropoda,Insecta,Diptera,Hybotidae,Platypalpus,Platypalpus longiseta
Fannia ornata,Arthropoda,Insecta,Diptera,Fanniidae,Fannia,Fannia ornata
Pullimosina pullula,Arthropoda,Insecta,Diptera,Sphaeroceridae,Pullimosina,Pullimosina pullula
Valenzuela piceus,Arthropoda,Insecta,Psocoptera,Caeciliusidae,Valenzuela,Valenzuela piceus
Sorhoanus sp.,Arthropoda,Insecta,Hemiptera,Cicadellidae,Sorhoanus,NA
Cimberis attelaboides,Arthropoda,Insecta,Coleoptera,Nemonychidae,Cimberis,Cimberis attelaboides
Chordeuma sylvestre,Arthropoda,Diplopoda,Chordeumatida,Chordeumatidae,Chordeuma,Chordeuma sylvestre
Peripsocus subfasciatus,Arthropoda,Insecta,Psocoptera,Peripsocidae,Peripsocus,Peripsocus subfasciatus
Lasius flavus,Arthropoda,Insecta,Hymenoptera,Formicidae,Lasius,Lasius flavus
Hydaticus seminiger,Arthropoda,Insecta,Coleoptera,Dytiscidae,Hydaticus,Hydaticus seminiger
Campsicnemus sp.,Arthropoda,Insecta,Diptera,Dolichopodidae,Campsicnemus,NA
Celypha rivulana,Arthropoda,Insecta,Lepidoptera,Tortricidae,Celypha,Celypha rivulana
Bembidion sp.,Arthropoda,Insecta,Coleoptera,Carabidae,Bembidion,NA
Platycheirus sp.,Arthropoda,Insecta,Diptera,Syrphidae,Platycheirus,NA
Euura humeralis,Arthropoda,Insecta,Hymenoptera,Tenthredinidae,Euura,Euura humeralis
Thaumatomyia notata,Arthropoda,Insecta,Diptera,Chloropidae,Thaumatomyia,Thaumatomyia notata
Tvetenia verralli,Arthropoda,Insecta,Diptera,Chironomidae,Tvetenia,Tvetenia verralli
Prosimulium sp.,Arthropoda,Insecta,Diptera,Simuliidae,Prosimulium,NA
unclassified_Culicidae sp.,Arthropoda,Insecta,Diptera,Culicidae,unclassified_Culicidae,NA
Themira annulipes,Arthropoda,Insecta,Diptera,Sepsidae,Themira,Themira annulipes
Longitarsus lycopi,Arthropoda,Insecta,Coleoptera,Chrysomelidae,Longitarsus,Longitarsus lycopi
Helophilus pendulus,Arthropoda,Insecta,Diptera,Syrphidae,Helophilus,Helophilus pendulus
Epinotia sp.,Arthropoda,Insecta,Lepidoptera,Tortricidae,Epinotia,NA
Atheta inquinula,Arthropoda,Insecta,Coleoptera,Staphylinidae,Atheta,Atheta inquinula
Phytomyza ranunculi,Arthropoda,Insecta,Diptera,Agromyzidae,Phytomyza,Phytomyza ranunculi
Paracyclops sp.,Arthropoda,Hexanauplia,Cyclopoida,Cyclopidae,Paracyclops,NA
Lonchaea tarsata,Arthropoda,Insecta,Diptera,Lonchaeidae,Lonchaea,Lonchaea tarsata
Caenis macrura,Arthropoda,Insecta,Ephemeroptera,Caenidae,Caenis,Caenis macrura
Deraeocoris lutescens,Arthropoda,Insecta,Hemiptera,Miridae,Deraeocoris,Deraeocoris lutescens
Anotylus insecatus,Arthropoda,Insecta,Coleoptera,Staphylinidae,Anotylus,Anotylus insecatus
Corynoptera tetrachaeta,Arthropoda,Insecta,Diptera,Sciaridae,Corynoptera,Corynoptera tetrachaeta
Psammoryctides albicola,Annelida,Clitellata,Tubificida,Naididae,Psammoryctides,Psammoryctides albicola
Micropsectra lindrothi,Arthropoda,Insecta,Diptera,Chironomidae,Micropsectra,Micropsectra lindrothi
Bezzia fuliginata,Arthropoda,Insecta,Diptera,Ceratopogonidae,Bezzia,Bezzia fuliginata
Anaspis frontalis,Arthropoda,Insecta,Coleoptera,Scraptiidae,Anaspis,Anaspis frontalis
Notiphila riparia,Arthropoda,Insecta,Diptera,Ephydridae,Notiphila,Notiphila riparia
Agelastica alni,Arthropoda,Insecta,Coleoptera,Chrysomelidae,Agelastica,Agelastica alni
Lesteva longoelytrata,Arthropoda,Insecta,Coleoptera,Staphylinidae,Lesteva,Lesteva longoelytrata
Microtendipes sp.,Arthropoda,Insecta,Diptera,Chironomidae,Microtendipes,NA
Bryocamptus minutus,Arthropoda,Hexanauplia,Harpacticoida,Canthocamptidae,Bryocamptus,Bryocamptus minutus
Hemerobius micans,Arthropoda,Insecta,Neuroptera,Hemerobiidae,Hemerobius,Hemerobius micans
Nephrotoma flavipalpis,Arthropoda,Insecta,Diptera,Tipulidae,Nephrotoma,Nephrotoma flavipalpis
Dytiscus marginalis,Arthropoda,Insecta,Coleoptera,Dytiscidae,Dytiscus,Dytiscus marginalis
Ptychoptera contaminata,Arthropoda,Insecta,Diptera,Ptychopteridae,Ptychoptera,Ptychoptera contaminata
Procladius nigriventris,Arthropoda,Insecta,Diptera,Chironomidae,Procladius,Procladius nigriventris
Beris chalybata,Arthropoda,Insecta,Diptera,Stratiomyidae,Beris,Beris chalybata
Glyptotendipes cauliginellus,Arthropoda,Insecta,Diptera,Chironomidae,Glyptotendipes,Glyptotendipes cauliginellus
Cricotopus intersectus,Arthropoda,Insecta,Diptera,Chironomidae,Cricotopus,Cricotopus intersectus
Dasyhelea europaea,Arthropoda,Insecta,Diptera,Ceratopogonidae,Dasyhelea,Dasyhelea europaea
Orthocladius frigidus,Arthropoda,Insecta,Diptera,Chironomidae,Orthocladius,Orthocladius frigidus
Hybomitra sp.,Arthropoda,Insecta,Diptera,Tabanidae,Hybomitra,NA
Darwinula stevensoni,Arthropoda,Ostracoda,Podocopida,Darwinulidae,Darwinula,Darwinula stevensoni
Polydrusus pallidus,Arthropoda,Insecta,Coleoptera,Curculionidae,Polydrusus,Polydrusus pallidus
Polydrusus sp.,Arthropoda,Insecta,Coleoptera,Curculionidae,Polydrusus,NA
Procladius crassinervis,Arthropoda,Insecta,Diptera,Chironomidae,Procladius,Procladius crassinervis
Hebecnema vespertina,Arthropoda,Insecta,Diptera,Muscidae,Hebecnema,Hebecnema vespertina
Stenostola dubia,Arthropoda,Insecta,Coleoptera,Cerambycidae,Stenostola,Stenostola dubia
